<?xml version="1.0" encoding="UTF-8"?>
<faces-config xmlns="https://jakarta.ee/xml/ns/jakartaee"
	xmlns:xsi="http://www.w3.org/2001/XMLSchema-instance"
	xsi:schemaLocation="https://jakarta.ee/xml/ns/jakartaee https://jakarta.ee/xml/ns/jakartaee/web-facesconfig_3_0.xsd"
	version="3.0">
	<managed-bean>
		<managed-bean-name>UserBean</managed-bean-name>
		<managed-bean-class>co.edu.unbosque.beans.LoginBean</managed-bean-class>
		<managed-bean-scope>request</managed-bean-scope>
	</managed-bean>


</faces-config>